,India
1/30/20,1
1/31/20,1
2/1/20,1
2/2/20,2
2/3/20,3
2/4/20,3
2/5/20,3
2/6/20,3
2/7/20,3
2/8/20,3
2/9/20,3
2/10/20,3
2/11/20,3
2/12/20,3
2/13/20,3
2/14/20,3
2/15/20,3
2/16/20,3
2/17/20,3
2/18/20,3
2/19/20,3
2/20/20,3
2/21/20,3
2/22/20,3
2/23/20,3
2/24/20,3
2/25/20,3
2/26/20,3
2/27/20,3
2/28/20,3
2/29/20,3
3/1/20,3
3/2/20,5
3/3/20,5
3/4/20,28
3/5/20,30
3/6/20,31
3/7/20,34
3/8/20,39
3/9/20,43
3/10/20,56
3/11/20,62
3/12/20,73
3/13/20,82
3/14/20,102
3/15/20,113
3/16/20,119
3/17/20,142
3/18/20,156
3/19/20,194
3/20/20,244
3/21/20,330
3/22/20,396
3/23/20,499
3/24/20,536
3/25/20,657
3/26/20,727
3/27/20,887
3/28/20,987
3/29/20,1024
3/30/20,1251
3/31/20,1397
4/1/20,1998
4/2/20,2543
4/3/20,2567
4/4/20,3082
4/5/20,3588
4/6/20,4778
4/7/20,5311
4/8/20,5916
4/9/20,6725
4/10/20,7598
4/11/20,8446
4/12/20,9205
4/13/20,10453
4/14/20,11487
4/15/20,12322
4/16/20,13430
4/17/20,14352
4/18/20,15722
4/19/20,17615
4/20/20,18539
4/21/20,20080
4/22/20,21370
4/23/20,23077
4/24/20,24530
4/25/20,26283
4/26/20,27890
4/27/20,29451
4/28/20,31324
4/29/20,33062
4/30/20,34863
5/1/20,37257
5/2/20,39699
5/3/20,42505
5/4/20,46437
5/5/20,49400
5/6/20,52987
5/7/20,56351
5/8/20,59695
5/9/20,62808
5/10/20,67161
5/11/20,70768
5/12/20,74292
5/13/20,78055
5/14/20,81997
5/15/20,85784
5/16/20,90648
5/17/20,95698
5/18/20,100328
5/19/20,106475
5/20/20,112028
5/21/20,118226
5/22/20,124794
5/23/20,131423
5/24/20,138536
5/25/20,144950
5/26/20,150793
5/27/20,158086
5/28/20,165386
5/29/20,173491
5/30/20,181827
5/31/20,190609
6/1/20,198370
6/2/20,207191
6/3/20,216824
6/4/20,226713
6/5/20,236184
6/6/20,246622
6/7/20,257486
6/8/20,265928
6/9/20,276146
6/10/20,286605
6/11/20,297535
6/12/20,308993
6/13/20,320922
6/14/20,332424
6/15/20,343091
6/16/20,354065
6/17/20,366946
6/18/20,380532
6/19/20,395048
6/20/20,410451
6/21/20,425282
6/22/20,440215
6/23/20,456183
6/24/20,473105
6/25/20,490401
6/26/20,508953
6/27/20,528859
6/28/20,548318
6/29/20,566840
6/30/20,585481
7/1/20,604641
7/2/20,625544
7/3/20,648315
7/4/20,673165
7/5/20,697413
7/6/20,719664
7/7/20,742417
7/8/20,767296
7/9/20,793802
7/10/20,820916
7/11/20,849522
7/12/20,878254
7/13/20,906752
7/14/20,936181
7/15/20,968857
7/16/20,1003832
7/17/20,1039084
7/18/20,1077781
7/19/20,1118206
7/20/20,1155338
7/21/20,1193078
7/22/20,1238798
7/23/20,1288108
7/24/20,1337024
7/25/20,1385635
7/26/20,1435616
7/27/20,1480073
7/28/20,1531669
7/29/20,1581963
7/30/20,1634746
7/31/20,1695988
8/1/20,1750723
8/2/20,1803695
8/3/20,1855745
8/4/20,1908254
8/5/20,1964536
8/6/20,2027074
8/7/20,2088611
8/8/20,2153010
8/9/20,2215074
8/10/20,2268675
8/11/20,2329638
8/12/20,2396637
8/13/20,2461190
8/14/20,2525922
8/15/20,2589952
8/16/20,2647663
8/17/20,2702681
8/18/20,2767253
8/19/20,2836925
8/20/20,2905825
8/21/20,2975701
8/22/20,3044940
8/23/20,3106348
8/24/20,3167323
8/25/20,3224547
8/26/20,3310234
8/27/20,3387500
8/28/20,3463972
8/29/20,3542733
8/30/20,3621245
8/31/20,3691166
9/1/20,3769523
9/2/20,3853406
9/3/20,3936747
9/4/20,4023179
9/5/20,4113811
9/6/20,4204613
9/7/20,4280422
9/8/20,4370128
9/9/20,4465863
9/10/20,4562414
9/11/20,4659984
9/12/20,4754356
9/13/20,4846427
9/14/20,4930236
9/15/20,5020359
9/16/20,5118253
9/17/20,5214677
9/18/20,5308014
9/19/20,5400619
9/20/20,5487580
9/21/20,5562663
9/22/20,5646010
9/23/20,5732518
9/24/20,5818570
9/25/20,5903932
9/26/20,5992532
9/27/20,6074702
9/28/20,6145291
9/29/20,6225763
9/30/20,6312584
10/1/20,6394068
10/2/20,6473544
10/3/20,6549373
10/4/20,6623815
10/5/20,6685082
10/6/20,6757131
10/7/20,6835655
10/8/20,6906151
10/9/20,6979423
10/10/20,7053806
10/11/20,7120538
10/12/20,7175880
10/13/20,7239389
10/14/20,7307097
10/15/20,7370468
10/16/20,7432680
10/17/20,7494551
10/18/20,7550273
10/19/20,7597063
10/20/20,7651107
10/21/20,7706946
10/22/20,7761312
10/23/20,7814682
10/24/20,7864811
10/25/20,7909959
10/26/20,7946429
10/27/20,7990322
10/28/20,8040203
10/29/20,8088851
10/30/20,8137119
10/31/20,8184082
11/1/20,8229313
11/2/20,8267623
11/3/20,8313876
11/4/20,8364086
11/5/20,8411724
11/6/20,8462080
11/7/20,8507754
11/8/20,8553657
11/9/20,8591730
11/10/20,8636011
11/11/20,8683916
11/12/20,8728795
11/13/20,8773479
11/14/20,8814579
11/15/20,8845127
11/16/20,8874290
11/17/20,8912907
11/18/20,8958483
11/19/20,9004365
11/20/20,9050597
11/21/20,9095806
11/22/20,9139865
11/23/20,9177840
11/24/20,9222216
11/25/20,9266705
11/26/20,9309787
11/27/20,9351109
11/28/20,9392919
11/29/20,9431691
11/30/20,9462809
12/1/20,9499413
12/2/20,9534964
12/3/20,9571559
12/4/20,9608211
12/5/20,9644222
12/6/20,9677203
12/7/20,9703770
12/8/20,9735850
12/9/20,9767371
12/10/20,9796744
12/11/20,9826775
12/12/20,9857029
12/13/20,9884100
12/14/20,9906165
12/15/20,9932547
12/16/20,9956557
12/17/20,9979447
12/18/20,10004599
12/19/20,10031223
12/20/20,10055560
12/21/20,10075116
12/22/20,10099066
12/23/20,10123778
12/24/20,10146845
12/25/20,10169118
12/26/20,10187850
12/27/20,10207871
12/28/20,10224303
12/29/20,10244852
12/30/20,10266674
12/31/20,10286709
1/1/21,10305788
1/2/21,10323965
1/3/21,10340469
1/4/21,10356844
1/5/21,10374932
1/6/21,10395278
1/7/21,10413417
1/8/21,10413417
1/9/21,10450284
1/10/21,10466595
1/11/21,10479179
1/12/21,10495147
1/13/21,10512093
1/14/21,10527683
1/15/21,10542841
1/16/21,10557985
1/17/21,10571773
1/18/21,10581823
1/19/21,10595639
1/20/21,10610883
1/21/21,10625428
1/22/21,10639684
1/23/21,10654533
1/24/21,10667736
1/25/21,10676838
1/26/21,10689527
1/27/21,10701193
1/28/21,10720048
1/29/21,10733130
1/30/21,10746174
1/31/21,10757610
2/1/21,10766245
2/2/21,10777284
2/3/21,10790183
2/4/21,10802591
2/5/21,10814304
2/6/21,10826363
2/7/21,10838194
2/8/21,10847304
2/9/21,10858371
2/10/21,10871294
2/11/21,10880603
2/12/21,10892746
2/13/21,10904940
2/14/21,10916589
2/15/21,10925710
2/16/21,10937320
2/17/21,10950201
2/18/21,10963394
2/19/21,10977387
2/20/21,10991651
2/21/21,11005850
2/22/21,11016434
2/23/21,11030176
2/24/21,11046914
2/25/21,11063491
2/26/21,11079979
2/27/21,11096731
2/28/21,11112241
3/1/21,11124527
3/2/21,11139516
3/3/21,11156923
3/4/21,11173761
3/5/21,11192045
3/6/21,11210799
3/7/21,11229398
3/8/21,11244786
3/9/21,11262707
3/10/21,11285561
3/11/21,11308846
3/12/21,11333728
3/13/21,11359048
3/14/21,11385339
3/15/21,11409831
3/16/21,11438734
3/17/21,11474605
3/18/21,11514331
3/19/21,11555284
3/20/21,11599130
3/21/21,11646081
3/22/21,11686796
3/23/21,11734058
3/24/21,11787534
3/25/21,11846652
3/26/21,11908910
3/27/21,11971624
3/28/21,12039644
3/29/21,12095855
3/30/21,12149335
3/31/21,12221665
4/1/21,12303131
4/2/21,12392260
4/3/21,12485509
4/4/21,12589067
4/5/21,12686049
4/6/21,12801785
4/7/21,12928574
4/8/21,13060542
4/9/21,13205926
4/10/21,13358805
4/11/21,13527717
4/12/21,13689453
4/13/21,13873825
4/14/21,14074564
4/15/21,14291917
4/16/21,14526609
4/17/21,14788003
4/18/21,15061805
4/19/21,15320972
4/20/21,15616130
4/21/21,15930774
4/22/21,16263695
4/23/21,16610481
4/24/21,16960172
4/25/21,17313163
4/26/21,17636186
4/27/21,17997113
4/28/21,18376421
4/29/21,18762976
4/30/21,19164969
5/1/21,19557457
5/2/21,19925517
5/3/21,20282833
5/4/21,20664979
5/5/21,21077410
5/6/21,21491598
5/7/21,21892676
5/8/21,22296081
5/9/21,22662575
5/10/21,22992517
5/11/21,23340938
5/12/21,23703665
5/13/21,24046809
5/14/21,24372907
5/15/21,24684077
5/16/21,24965463
5/17/21,25228996
5/18/21,25496330
5/19/21,25772440
5/20/21,26031991
5/21/21,26289290
5/22/21,26530132
5/23/21,26752447
5/24/21,26948874
5/25/21,27157795
5/26/21,27369093
5/27/21,27555457
5/28/21,27729247
5/29/21,27894800
5/30/21,28047534
5/31/21,28175044
6/1/21,28307832
6/2/21,28441986
6/3/21,28574350
6/4/21,28694879
6/5/21,28809339
6/6/21,28909975
6/7/21,28996473
6/8/21,29089069
6/9/21,29182532
6/10/21,29274823
6/11/21,29359155
6/12/21,29439989
6/13/21,29510410
6/14/21,29570881
6/15/21,29633105
6/16/21,29700313
6/17/21,29762793
6/18/21,29823546
6/19/21,29881772
6/20/21,29935221
6/21/21,29977861
6/22/21,30028709
6/23/21,30082778
6/24/21,30134445
6/25/21,30183143
6/26/21,30233183
6/27/21,30279331
6/28/21,30316897
6/29/21,30362848
6/30/21,30411634
7/1/21,30458251
7/2/21,30502362
7/3/21,30545433
7/4/21,30585229
7/5/21,30619932
7/6/21,30663665
7/7/21,30709557
7/8/21,30752950
7/9/21,30795716
7/10/21,30837222
7/11/21,30874376
7/12/21,30907282
7/13/21,30946147
7/14/21,30987880
7/15/21,31026829
7/16/21,31064908
7/17/21,31106065
7/18/21,31144229
7/19/21,31174322
7/20/21,31216337
7/21/21,31257720
7/22/21,31293062
7/23/21,31332159
7/24/21,31371901
7/25/21,31411262
7/26/21,31440951
7/27/21,31484605
7/28/21,31528114
7/29/21,31572344
7/30/21,31613993
7/31/21,31655824
8/1/21,31695958
8/2/21,31726507
8/3/21,31769132
8/4/21,31812114
8/5/21,31856757
8/6/21,31895385
8/7/21,31934455
8/8/21,31969954
8/9/21,31998158
8/10/21,32036511
8/11/21,32077706
8/12/21,32117826
8/13/21,32156493
8/14/21,32192576
8/15/21,32225513
8/16/21,32250679
8/17/21,32285857
8/18/21,32322258
8/19/21,32358829
8/20/21,32393286
8/21/21,32424234
8/22/21,32449306
8/23/21,32474773
8/24/21,32512366
8/25/21,32558530
8/26/21,32603188
8/27/21,32649947
8/28/21,32695030
8/29/21,32737939
8/30/21,32768880
8/31/21,32810845
9/1/21,32857937
9/2/21,32903289
9/3/21,32945907
9/4/21,32988673
9/5/21,33027621
9/6/21,33058843
9/7/21,33096718
9/8/21,33139981
9/9/21,33174954
9/10/21,33208330
9/11/21,33236921
9/12/21,33264175
9/13/21,33289579
9/14/21,33316755
9/15/21,33347325
9/16/21,33381728
9/17/21,33417390
9/18/21,33448163
9/19/21,33478419
9/20/21,33504534
9/21/21,33531498
9/22/21,33563421
9/23/21,33594803
9/24/21,33624419
9/25/21,33652745
9/26/21,33678786
9/27/21,33697581
9/28/21,33716451
9/29/21,33739980
9/30/21,33766707
10/1/21,33791061
10/2/21,33813903
10/3/21,33834702
10/4/21,33853048
10/5/21,33871881
10/6/21,33894312
10/7/21,33915569
10/8/21,33935309
10/9/21,33953475
10/10/21,33971607
10/11/21,33985920
10/12/21,34001743
10/13/21,34020730
10/14/21,34037592
10/15/21,34053573
10/16/21,34067719
10/17/21,34081315
10/18/21,34094373
10/19/21,34108996
10/20/21,34127450
10/21/21,34143236
10/22/21,34159562
10/23/21,34175468
10/24/21,34189774
10/25/21,34202202
10/26/21,34215653
10/27/21,34231809
10/28/21,34246157
10/29/21,34260470
10/30/21,34273300
10/31/21,34285814
11/1/21,34296237
11/2/21,34308140
11/3/21,34321025
11/4/21,34333754
11/5/21,34344683
11/6/21,34355509
11/7/21,34366987
11/8/21,34377113
11/9/21,34388579
11/10/21,34401670
11/11/21,34414186
11/12/21,34426036
11/13/21,34437307
11/14/21,34447536
11/15/21,34456401
11/16/21,34466598
11/17/21,34478517
11/18/21,34489623
11/19/21,34499925
11/20/21,34510413
11/21/21,34518901
11/22/21,34526480
11/23/21,34535763
11/24/21,34544882
11/25/21,34555431
11/26/21,34563749
11/27/21,34572523
11/28/21,34580832
11/29/21,34587822
11/30/21,34596776
12/1/21,34606541
12/2/21,34615757
12/3/21,34624360
12/4/21,34624360
12/5/21,34641561
12/6/21,34648383
12/7/21,34656822
12/8/21,34666241
12/9/21,34674643
12/10/21,34682633
12/11/21,34690510
12/12/21,34697860
12/13/21,34703644
12/14/21,34710628
12/15/21,34718602
12/16/21,34726049
12/17/21,34726049
12/18/21,34733194
12/19/21,34746838
12/20/21,34752164
